title,remote,place
Senior Python Backend Developer, 100% Remote Job,"
            Work from Anywhere 
"
Python Developer, 100% Remote Job,"
            Work from Anywhere 
"
"Python, Django Developer", 100% Remote Job,"
            Work from Anywhere 
"
Frontend Django Developer, 100% Remote Job,"
            Work from Anywhere 
"
Senior Software Developer, 100% Remote Job,"
            Work from Anywhere 
"
Full Stack Developer, 100% Remote Job,"
            Work from Anywhere 
"
Software Engineer - Observability, 100% Remote Job,"
            Work from Anywhere 
"
Security Engineer, 100% Remote Job,"
            Work from Anywhere 
"
Senior Technical Author, 100% Remote Job,"
            Work from Anywhere 
"
Senior Site Reliability Engineer - Enterprise, 100% Remote Job,"
            Work from Anywhere 
"
Senior Backend Engineer, 100% Remote Job,"
            Work from Anywhere 
"
Senior 3D Software Engineers, 100% Remote Job,"
            Work from Anywhere 
"
"Senior Front-End, React Expert", 100% Remote Job,"
            Work from Anywhere 
"
Technical Author, Hybrid Remote Job,"
            Work from Anywhere 
"
Senior Pipeline and Tools Technical Artist, 100% Remote Job,"
            Work from Anywhere 
"
Senior Technical Artist, 100% Remote Job,"
            Work from Anywhere 
"
Principal Technical Artist , 100% Remote Job,"
            Work from Anywhere 
"
Product Analyst, 100% Remote Job,"
            Work from Anywhere 
"
Site Reliability Engineer II - III, Option for Remote Job,"
            AL, CA, DE, Washington, DC, FL, GA, NJ, NY, NC, MD, PA, TN, TX, VA 
"
"Senior Software Engineer, Backend", 100% Remote Job,"
            Work from Anywhere 
"
"Senior Data Analyst, Cash App Compliance", 100% Remote Job,"
            Work from Anywhere 
"
Senior Python Backend Developer, 100% Remote Job,"
            Work from Anywhere 
"
Python Developer, 100% Remote Job,"
            Work from Anywhere 
"
"Python, Django Developer", 100% Remote Job,"
            Work from Anywhere 
"
Full Stack Python Developer, 100% Remote Job,"
            US National 
"
"Developer Educator - Python, Golang", 100% Remote Job,"
            US National 
"
Software Engineer - Python, 100% Remote Job,"
            US National 
"
Python Software Engineer, 100% Remote Job,"
            US National 
"
Frontend Django Developer, 100% Remote Job,"
            Work from Anywhere 
"
Senior Software Developer, 100% Remote Job,"
            Work from Anywhere 
"
Servicing Senior Developer, 100% Remote Job,"
            US National 
"
Cloud Based Software Developer, 100% Remote Job,"
            US National 
"
Quadient Developer, 100% Remote Job,"
            US National 
"
Developer Relations and Community Manager, 100% Remote Job,"
            US National 
"
Senior Data Developer, 100% Remote Job,"
            US National (Not hiring in CA, DC, HI, NJ, NM, PA) 
"
Senior Backend Developer, 100% Remote Job,"
            US National 
"
Business Intelligence Developer, 100% Remote Job,"
            US National 
"
Full Stack Developer, 100% Remote Job,"
            Work from Anywhere 
"
Lead Blockchain Developer, 100% Remote Job,"
            Canada, Mexico, or US National 
"
Full Stack Developer, 100% Remote Job,"
            US National 
"
.Net Developer, Hybrid Remote Job,"
            US National 
"
Developer and Engineer, Hybrid Remote Job,"
            US National 
"
Shopify and WordPress Developer, 100% Remote Job,"
            US National 
"
Senior Software Developer , 100% Remote Job,"
            Canada, or US National 
"
PHP Application Developer, 100% Remote Job,"
            US National 
"
Developer Educator - Code Integrations, 100% Remote Job,"
            US National 
"
Automation Developer and Programmer, 100% Remote Job,"
            US National 
"
Computer Science - AI K-12 Content Developer, 100% Remote Job,"
            US National 
"
"Lead Software Engineer, Developer Productivity", 100% Remote Job,"
            Canada, Mexico, or US National 
"
Senior COBOL Developer - Life and Annuity Product SME, 100% Remote Job,"
            US National 
"
Site Reliability Engineer, 100% Remote Job,"
            US National 
"
Engineering Manager - Commercial Systems, 100% Remote Job,"
            Bulgaria, Croatia, Cyprus, Czech Republic, Egypt, Israel, Kenya, Lebanon, Luxembourg, Malta, Nigeria, Oman, Qatar, Romania, Saudi Arabia, Serbia, South Africa, Ukraine, United Arab Emirates, United Kingdom, Canada, Mexico, Argentina, Bolivia, Brazil, Chile, Colombia, Ecuadaor, Guyana, Paraguay, Peru, Suriname, Uruguay, Venezeula, or US National 
"
Customer Engineer, 100% Remote Job,"
            US National 
"
"Senior Full Stack Engineer, Experimentation Platform", 100% Remote Job,"
            US National 
"
Senior Technical Content Engineer, 100% Remote Job,"
            Bulgaria, Croatia, Cyprus, Czech Republic, Egypt, Israel, Kenya, Lebanon, Luxembourg, Malta, Nigeria, Oman, Qatar, Romania, Saudi Arabia, Serbia, South Africa, Ukraine, United Arab Emirates, United Kingdom, or US National 
"
Data Platform Engineer - Model Life Cycle, 100% Remote Job,"
            US National 
"
Software Engineer - Observability, 100% Remote Job,"
            Work from Anywhere 
"
Senior Platform Data Engineer, 100% Remote Job,"
            US National 
"
Data Scientist, 100% Remote Job,"
            US National 
"
Security Engineer, 100% Remote Job,"
            Work from Anywhere 
"
Staff Software Engineer- Data Platform, 100% Remote Job,"
            US National 
"
Senior Technical Author, 100% Remote Job,"
            Work from Anywhere 
"
Machine Learning Growth Engineer, 100% Remote Job,"
            US National 
"
Big Data Engineer, 100% Remote Job,"
            United Kingdom, Costa Rica, or US National 
"
Lead Data Engineer, 100% Remote Job,"
            US National 
"
Senior Backend Engineer, 100% Remote Job,"
            Work from Anywhere 
"
Senior Site Reliability Engineer, 100% Remote Job,"
            US National 
"
Senior Software Engineer, 100% Remote Job,"
            US National 
"
Full Stack Engineer, 100% Remote Job,"
            US National 
"
Senior Software Engineer, 100% Remote Job,"
            US National 
"
Senior Analytics Engineer, 100% Remote Job,"
            US National 
"
